;edit_history_tweet_ids;id;text;withheld;intent
0;['1621297411883958272'];1621297411883958272;"RT @coot271: She's in your home.

FULL UNCUT, HD movie: https://t.co/TWDYgn7PuP

Massive thanks to @MethadosA for being the inspiration, wi‚Ä¶";;movie
1;['1621297411707604994'];1621297411707604992;@gothamfreak_ yea it was wild, shes amazing in the movie too. i miss her;;movie
2;['1621297411451764738'];1621297411451764736;"finally got a jailbreakable ps3 slim just need to wait for it to arrive 
next step move the fuck out of this place 
then blu ray movie collection";;movie
3;['1621297411015557120'];1621297411015557120;RT @MarvelStudios: Check out these photos from the red carpet at the Australian Special Fan Event for Marvel Studios‚Äô #AntManAndTheWaspQuan‚Ä¶;;movie
4;['1621297408180371456'];1621297408180371456;"RT @nicktiffany95: Take a listen and learn why #TheBatman found itself in my Top 10 Films of 2022!

https://t.co/0hy8aqmrBo

https://t.co/F‚Ä¶";;movie
5;['1621297406645080064'];1621297406645080064;@WriteToRebel the rock is a performer who performs as the Rock(tm) in every movie. you can‚Äôt get immersed in any of his movies bc you‚Äôre like ‚Äúthat‚Äôs the rock‚Äù. batista actually has range;;movie
6;['1621297404954742785'];1621297404954742784;this dude did not just call a marvel movie naturalist https://t.co/KlEnVkf9uY;;movie
7;['1621297403566628864'];1621297403566628864;RT @OGCORLIN: These are the exact same movie https://t.co/DLji9DjQEZ;;movie
8;['1621297402161553408'];1621297402161553408;I just saw the movie, and the entire time I was led to believe Jack drowned when he ACTUALLY died of hypothermia, which makes his death make a whole lotta sense. https://t.co/n5VHF0wy6M;;movie
9;['1621297401867960321'];1621297401867960320;"RT @yrf: Breaking records, one at a time! Our heart is full rn with all the love for #Pathaan üíñ  
Celebrating 1 billion views across platfo‚Ä¶";;movie
10;['1621297400785649664'];1621297400785649664;RT @AWDtwit: Despite it being a tremendous movie, this is still the biggest downgrade in animation history https://t.co/ngqQevQULY;;movie
11;['1621297396314689536'];1621297396314689536;Seven Reasons I Love The Movie Spaceballs https://t.co/PkhFMEgPrS Mel Brooks does a spoof or Star Wars and space movies, and it's quite funny;;movie
12;['1621297394586423297'];1621297394586423296;ü©∏What's your favorite scary movie?ü©∏ https://t.co/fjpSbtPLMo;;movie
13;['1621297390941601793'];1621297390941601792;"RT @AuntieAnnesUK: üíñ WIN üíñ a movie night snack bundle for 2!

üíï 1x Pretzel Nuggets 
üíï 1x Mini Pretzel Dogs 
üíï 1x Nutella Pull-A-Part
üíï 2x D‚Ä¶";;movie
14;['1621297390144876544'];1621297390144876544;"RT @StarCinema: What happens when the future meets the present? Watch ""Past Tense"" FULL MOVIE for FREE on Star Cinema's YouTube channel! ht‚Ä¶";;movie
15;['1621297390123716609'];1621297390123716608;"@pencil_army Watched that a few days ago and enjoyed it.
Maybe the only Burt movie to feature exploding heads.";;movie
16;['1621297389536686080'];1621297389536686080;RT @MarvelStudios: Check out these photos from the red carpet at the Australian Special Fan Event for Marvel Studios‚Äô #AntManAndTheWaspQuan‚Ä¶;;movie
17;['1621297386810232832'];1621297386810232832;I watch the woman king and I thought you should have a role in that movie @Rahma_sadau https://t.co/pkaDwEdw6c;;movie
18;['1621297386177040384'];1621297386177040384;Interstellar is the best movie of all time;;movie
19;['1621297386113961984'];1621297386113961984;they should make a movie about a fucked up dude that dresses up like a clown and is having a generally bad time;;movie
20;['1621297384805236736'];1621297384805236736;This was literally her worst acting role ever‚Ä¶ that leather catsuit got y‚Äôall in a genjutsu üòí She‚Äôs a great actress, but this entire movie is bad. Terrible example https://t.co/MbMaMJqLqf;;movie
21;['1621297383706329089'];1621297383706329088;"RT @TheAVClub: Seth Rogen throws down the gauntlet, says ""no one‚Äôs made a good high school movie since"" Superbad https://t.co/RSA032t9Yd ht‚Ä¶";;movie
22;['1621297383563792385'];1621297383563792384;Vulnerability post: I have to have my smart hat on all throughout the day and sometimes (STRONG SOMETIMES( I just wanna turn my brain off and watch something dumb af. No, not the news. Like a Will Ferrell movie type of dumb.;;movie
23;['1621297381886279680'];1621297381886279680;"RT @MatthisUnk: From ""Movie/Serie Collection""

Get Your Access :
https://t.co/cVylgVwW4x

#È°îË∏è„Åø #Ë∂≥Ëàê„ÇÅ #Ë∂≥„Éï„Çß„ÉÅ #„ÉâM #drama https://t.co/IU2YTeGonH";;movie
24;['1621297380631928832'];1621297380631928832;Movie is awkwardly hilarious! https://t.co/IDwQzzE2gP;;movie
25;['1621297379776368641'];1621297379776368640;"RT @WetMascara: The closest my family will ever come to flying first class is going to the fancy urgent care - the ""would you like a warmed‚Ä¶";;movie
26;['1621297378778021894'];1621297378778021888;"A friend of mine directed a short movie.  I would really appreciate it if you have a look &amp; give it a vote! It‚Äôs in French but has English subtitles.  

Thank you all üíï

https://t.co/rVDKob0EgJ";;movie
27;['1621297378660605954'];1621297378660605952;RT @HorrorNHaunted: Tonight's #horror movie gif train. ARE YOU KIDDING ME? Share a horror movie scene that should make someone say: Are you‚Ä¶;;movie
28;['1621297377830395904'];1621297377830395904;@drrollergator So was anyone who saw that movie.;;movie
29;['1621297377758814214'];1621297377758814208;RT @JMoLawre: @RadioFreeTom @NicholasEdwardJ Ok, but to be fair, guy has built a huge following based on his sh*t Neanderthal movie and ins‚Ä¶;;movie
30;['1621297376458678278'];1621297376458678272;boondock saints is a queer movie;;movie
31;['1621297375183527936'];1621297375183527936;y‚Äôall talked a lot of shit about ‚Äòyou people‚Äô but I‚Äôm actually enjoying this movie just say y‚Äôall don‚Äôt like rom-coms and keep it pushin;;movie
32;['1621297371408732160'];1621297371408732160;RT @nostalgiaseb: i can't wait for this movie https://t.co/bNVCWK4wPq;;movie
33;['1621297370242887681'];1621297370242887680;RT @yrf: We can't stop üíÉ Hit to your nearest theatre and watch this visual treat now - https://t.co/SD17p6x9HI | https://t.co/VkhFng6vBj‚Ä¶;;movie
34;['1621297368758104064'];1621297368758104064;RT @0liviaolive: I love naturalistic framing in a movie where a lizard man, an dude with robot arms, and electricity guy, a guy made of san‚Ä¶;;movie
35;['1621297368720080896'];1621297368720080896;RT @2TChalla2Stan: Sidenote them deciding to have their final battle with all three Spider-Mans in a poor lit small and contained setting i‚Ä¶;;movie
36;['1621297367868932097'];1621297367868932096;"RT @Manohar17_: Prince may not be a great movie but not worst as everyone says about it üíØ

#11YearsOfPrinceSKism #Ayalaan 
#Maaveeran @Siva‚Ä¶";;movie
37;['1621297367004712960'];1621297367004712960;"RT @pleasureuu2: ATL Movie night ‚Ä¶fuck the club.. let‚Äôs stay in and make love!!! Featuring:        @GlobalBrosCeo &amp; @SavageMomox r üòàüòà#pleas‚Ä¶";;movie
38;['1621297366081880067'];1621297366081880064;"RT @CJsTweetsUSA: Octogenarian Harrison Ford to Return as Indiana Jones in ‚ÄúIndiana Jones and the Dial of Destiny‚Äù 
https://t.co/9TBDet817b";;movie
39;['1621297362466648064'];1621297362466648064;@KarinExile The plot is like a horror movie to me.;;movie
40;['1621297361099128832'];1621297361099128832;@flickchickdc There is not a movie I hate more than The Happening, and there is not a performance I hate more than Mark Wahleberg‚Äôs, but I‚Äôd be lying if I didn‚Äôt say the concept absolutely terrifying.;;movie
41;['1621297357638754304'];1621297357638754304;@150lated we gotta link again bro it's really a movie every time;;movie
42;['1621297357466882050'];1621297357466882048;RT @strwbrrystoned: me fighting the kids to the sold out fnaf movie: https://t.co/f6iK9erZyO;;movie
43;['1621297355508285440'];1621297355508285440;RT @JophielleLove: It‚Äôs official‚Ä¶ I will be joining the cast of the new Five Nights at Freddy‚Äôs movie. I am soooo thrilled.;;movie
44;['1621297351762509825'];1621297351762509824;@darnesha_d It‚Äôs a good movie ü§£ love the songs;;movie
45;['1621297348814209026'];1621297348814209024;"RT @willbikeforfood: @Tiffany7117 I don‚Äôt think you‚Äôre supposed to actually watch the movie during netflix and chill. üòè

REBECCA THE KIWI S‚Ä¶";;movie
46;['1621297347211804674'];1621297347211804672;"RT @themalificent: So Love Synonym 1 was heavily inspired by water and the movie ""The Shape Of Water"", that film really stayed with Wonho f‚Ä¶";;movie
47;['1621297341440610304'];1621297341440610304;hollywood and the film industry will continue to innovate and continue the cycle of using and abusing people and discarding them when they're no longer profitable but their art will live forever. jean smart literally says it earlier in the movie.;;movie
48;['1621297340270391296'];1621297340270391296;RT @BluePotion85: Ive been helping @beewg2 brainstorming ideas for the story of his OC‚Äôs Caleb and Marcus. Its been so much fun working wit‚Ä¶;;movie
49;['1621297338856906752'];1621297338856906752;@zoigoms i cried myself to sleep last night bc of this movie lol;;movie
50;['1621297333613780992'];1621297333613780992;@fivefolklore he needs to have a day just to him, bestie put your feet up in front of a roaring fire and just read a book or watch a movie specifically a Wes Anderson movie;;movie
51;['1621297333525676037'];1621297333525676032;RT @RosannaM1970: A History of how Corruption has Grown in the Fed Government @wgarneau https://t.co/NYdYIalTqS via @MalcolmOutLoud #GetLou‚Ä¶;;movie
52;['1621297333261701121'];1621297333261701120;RT @MerlinofCanada: Bonnie Henry and Deena Hinshaw would have you believe there was only 293 new cases of Covid in BC in the last week. The‚Ä¶;;movie
53;['1621297332628209667'];1621297332628209664;Dreamworks done put dey best movie on Netflix dats ight;;movie
54;['1621297329201635328'];1621297329201635328;"RT @TrulyMonica: Pakistani Movie star: ‚ÄúWe ruled India for thousand years‚Äù

It is exactly this botched up version of history that has turne‚Ä¶";;movie
55;['1621297329079713792'];1621297329079713792;and, i will repeat, reading/writing smut is totally different than seeing movie scenes/doing it irl https://t.co/mLcDXFTeiG;;movie
56;['1621297329058861056'];1621297329058861056;Starting ‚Äúinterview with a vampire‚Äù I‚Äôm hella excited. The movie is one of my favs;;movie
57;['1621297328958185472'];1621297328958185472;"Video of Chinese spy satellite hovering over Billings Wednesday

(WHY around Billings and Yellowstone? Over a Supervolcano? This is like a SyFy TV Movie of the week)

@ClydeLewis

 https://t.co/Dgu6KmqLx6 via @billingsgazette";;movie
58;['1621297328521895938'];1621297328521895936;They need movie theaters you can smoke weed in. üòÆ‚Äçüí®üòÇüíØ;;movie
59;['1621297328366751744'];1621297328366751744;RT @KingOfLighting: It's been 14 yrs and this shit STILL SLAPS Harder than anything else in an Anime Movie! https://t.co/910HIakwo3;;movie
60;['1621297325871071232'];1621297325871071232;Does anyone know what movie this isüò≠ I forgot it https://t.co/qic86AQXK8;;movie
61;['1621297325707608070'];1621297325707608064;RT @newmnz: watching the teen wolf movie and seeing all the characters i‚Äôve loved for 11+ years be ruined in the span of 2 hours https://t.‚Ä¶;;movie
62;['1621297325401427969'];1621297325401427968;"Omg her neice is so cute and sweet.   She said under her DY her neice  understand the history and the direction of the movie meanwhile antis are brainless lol

Just the way her neice speaks and her tone, you can tell meimei us under Yibo's charms üòäüíö
#WangYibo_HiddenBlade";;movie
63;['1621297324663136257'];1621297324663136256;Wait I forgot how much I enjoyed this movie maybe I need to rewatch it soon https://t.co/8Izlpvit98;;movie
64;['1621297324050743297'];1621297324050743296;RT @ProjectYStudios: movie night among friends üòãüòãüòã https://t.co/lCCfBRCLnf;;movie
65;['1621297323228758016'];1621297323228758016;RT @UltimateDSEris: the fnaf movie https://t.co/LdYu63Zh1R;;movie
66;['1621297322268180480'];1621297322268180480;@Really007pod @007 @Nassau_Bahamas @DrLisaFunnell has an opinion on the pacing in this movie. Right Lisa? Remember what they always say?;;movie
67;['1621297322218123264'];1621297322218123264;@Ethan87022561 @francescoshak @DiscussingFilm @empiremagazine Also Kiri, Neteyam and even Tuk all had their moments to shine in the final act. But I didn‚Äôt even need them to be heroes atm. They are obviously going to do more in the sequels. Jake and Neyitri were badasses in the movie and had development. Jake learned to be a better father.;;movie
68;['1621297320292646915'];1621297320292646912;RT @WSJ_manga: Kimetsu no Yaiba 'Twelve Kozuki' PV to commemorate the release of the series' World Tour Movie in theatres. https://t.co/U3S‚Ä¶;;movie
69;['1621297316421566465'];1621297316421566464;"RT @RCYuvashakthiKA: @PawanKalyan garu about @AlwaysRamCharan anna debut movie #Chirutha

#RamCharan üí•üí•‚ù§Ô∏è

#Pawanakalyan #ManOfMassesRamCha‚Ä¶";;movie
70;['1621297315784060928'];1621297315784060928;Movie. (@djbillyboolfan);;movie
71;['1621297314303463429'];1621297314303463424;RT @tokyo_diamonddd: let‚Äôs make a movie https://t.co/gLYxdFWuzg;;movie
72;['1621297314122833920'];1621297314122833920;@Miccautto @AlmieetUThere @PP1Trey That‚Äôs y‚Äôall problem. Jamie Fox don‚Äôt ever have to sing another song, tell another joke or be in another movie‚Ä¶Y‚Äôall be reading to respond, not to understand.;;movie
73;['1621297310977105923'];1621297310977105920;mid way through the movie old and all i got to say is ‚Ä¶ this shit craaaazy üò≠;;movie
74;['1621297310599626759'];1621297310599626752;@MadScientistFF That‚Äôs not even the best Bruce Willis movie? Unbreakable is better, he plays a pretty big role in pulp fiction as well;;movie
75;['1621297310570250243'];1621297310570250240;Uh oh we waking it up about this movie again. It‚Äôs like a holiday on here https://t.co/mGqpRZQrio;;movie
76;['1621297309383532544'];1621297309383532544;All NFL players in 80 for Brady ‚Äì Tom Brady's new comedy movie https://t.co/dYhOPNFjch;;movie
77;['1621297307806310400'];1621297307806310400;RT @TreyReaume: I can't wait for this scene in the new fnaf movie. https://t.co/dWbMK8plNv;;movie
78;['1621297307445612544'];1621297307445612544;@gregsestero @IMDb Oh hi Mark! Great movie, indeed. Sam Raimi is a great director;;movie
79;['1621297306476617729'];1621297306476617728;@pedropascaluvr 9.5/10 movie chad serious;;movie
80;['1621297304933404672'];1621297304933404672;+ rukawa / sendoh flashback 1-on-1 abt sawakita etc..) but the movie was touching and  intense. The last few seconds of it was so well done esp how it was directed, everyone inside were on the edge and we all cheered during that big ruk4wa/s4kuragi moment! +;;movie
81;['1621297304723492866'];1621297304723492864;@radertron They mentioned frost quakes! It's like a sci-fi movie. We had ice storm all week, but warming starting tomorrow.;;movie
82;['1621297301426683913'];1621297301426683904;RT @B_Dub3: I love how Creature Commandos and The Authority getting movies makes sense to y'all but Darkseid showing up in a Justice League‚Ä¶;;movie
83;['1621297299556290560'];1621297299556290560;@AndreasSveen4 @OSthatguy @wegotafloater Bro, I do not like the movie. But if you don‚Äôt think it‚Äôs portrayed as wrong, then you didn‚Äôt watch it. You‚Äôre not meant to root for him when he does stuff like that and it‚Äôs shown to be explicitly bad.;;movie
84;['1621297299321389063'];1621297299321389056;"@LonelinessLove3 A Japanese sword used by samurai.
Also antha darbar movie intro fight la varuma athuthan...";;movie
85;['1621297298671112192'];1621297298671112192;@hearteyes4david I liked the movie. I‚Äôm a fan of Eddie Murphy - even if he pisses me off when he decides to play everyone in the same movie - and David is a favorite. I just feel like they could have given more screen time to the parents. They were funny together.;;movie
86;['1621297297735782401'];1621297297735782400;Were people really not scared by this movie? Or do they think the only way to be scared by a movie is a bunch of jump scares? Either way there needs to be a flash warning fyi! A lot of the scenes so far are aimed at a TV and because of the frame rates it causes a strobe effect https://t.co/ZgSvJUYCI2;;movie
87;['1621297297618530305'];1621297297618530304;@KnabeWolf Didn't it replace a planned popeye movie too?;;movie
88;['1621297296431321088'];1621297296431321088;RT @SETHWIJEZ: I really like this scene here cuz of how quick knuckles got back up after sonic went all out on him, hoping for more badass‚Ä¶;;movie
89;['1621297295701540867'];1621297295701540864;"Happy Groundhog Day to everyone. 

And happy 30th anniversary to the Bill Murray movie Groundhog Day. 

#GroundhogDay2023 
#GroundhogDay 
#GroundhogDayMovie https://t.co/gLxmPPdBtj";;movie
90;['1621297295646924801'];1621297295646924800;RT @OGCORLIN: These are the exact same movie https://t.co/DLji9DjQEZ;;movie
91;['1621297295315865600'];1621297295315865600;RT @PaintyPaints: The Fnaf Movie starts filming tomorrow https://t.co/kdtJs5HUFU;;movie
92;['1621297289816948737'];1621297289816948736;my comfort movie ü§ç https://t.co/G3McHrlHoC;;movie
93;['1621297288831180801'];1621297288831180800;"‚ÄúGood. That‚Äôs what I was planning on doing.‚Äù He lifted the bottle with a chuckle, taking another drink of it. 

‚ÄúThis movie is .. at least it has hot people.‚Äù He laughed, tipsy. https://t.co/5UfXCEzT1z";;movie
94;['1621297288600748033'];1621297288600748032;RT @strwbrrystoned: me fighting the kids to the sold out fnaf movie: https://t.co/f6iK9erZyO;;movie
95;['1621297288101371915'];1621297288101371904;i got covid and now i can‚Äôt go see the bts movie‚Ä¶ this is my 13th reason i hate it here;;movie
96;['1621297287250194433'];1621297287250194432;RT @andreavbecker: so many terrible tv and movie plots wouldn‚Äôt have happened if a character simply had an abortion but nooo the writers ha‚Ä¶;;movie
97;['1621297282376257537'];1621297282376257536;"@BloodyPikachuuu Now I love the movie, but it leaves out A LOT of content from the manga. And that's not even me trying to sound like a ""THE MANGA IS BETTER!!!"" type of person. Check it out of you want.";;movie
98;['1621297281998934016'];1621297281998934016;"RT @Review_mania_: #SembiOnHotstar review
Despite the story being so hard hitting,the movie falls into the usual cinema format.
Fantastic p‚Ä¶";;movie
99;['1621297280434245634'];1621297280434245632;"RT @chiger06: Since the dynamic duo are trending 
Here‚Äôs your reminder that this movie is gay af
#batmanandrobin https://t.co/rRve5v58DZ";;movie
100;['1621297279746424835'];1621297279746424832;"Dave Bautista teased his expanded role in #Dune2 and a more ‚Äúamped-up‚Äù movie in general: ""I got to spend much more time with Denis, which I crave for because I love working with Denis. And Denis, again, he just brings out the best in me."" @IndieWire https://t.co/25XoFF4dVp";;movie
101;['1621297279700447233'];1621297279700447232;"RT @elzzebells: AFTER ALL THIS TIMEüéâüéâü•≥üçæüçæ!!! THE FNAF MOVIE is FINALLY FILMING!!!!
#FNAFMovie #FNAF #fivenightsatfreddys https://t.co/hPPH4Y‚Ä¶";;movie
102;['1621297276177076230'];1621297276177076224;"RT @taramysterious: This oral scene is Only available in the full 38 min movie on MY ManyVidsü§™don‚Äôt miss outüòõ

Go to the üîó in my bio to pur‚Ä¶";;movie
103;['1621297273173954560'];1621297273173954560;RT @HorrorNHaunted: Tonight's #horror movie gif train. ARE YOU KIDDING ME? Share a horror movie scene that should make someone say: Are you‚Ä¶;;movie
104;['1621297272788066304'];1621297272788066304;@AustynTaylor_1 Now I wanna watch this movie lol https://t.co/E0u2WnAaDN;;movie
105;['1621297271014031360'];1621297271014031360;"RT @AjithFansUniv: EXCLUSIVE :- üí´ 

The Real Success üèÜ #Thunivu 

#HVinoth Sir Career Best Movie

#AjithKumar | #AK62 | #Ajith 

https://t.‚Ä¶";;movie
106;['1621297270787395584'];1621297270787395584;@cloewoo @MCUohio all tmnt iterations got issues, especially rise but I really don't understand how someone call watch all of it + movie and think it's garbage. especially since most of the criticism I saw was just oldheads not liking how different it is;;movie
107;['1621297269151612930'];1621297269151612928;@scoobyhistory Not sure about the Scooby gang‚Ä¶but I have an idea for a crossover movie ü§® https://t.co/s4IpbsBP1l;;movie
108;['1621297267364794371'];1621297267364794368;RT @jbouie: was almost six years late on watching THREE BILLBOARDS OUTSIDE EBBING, MISSOURI and could have waited six more years, that movi‚Ä¶;;movie
109;['1621297266664538112'];1621297266664538112;@franch1se_ I thought i was the only one üò≠ not worse movie but twitter dragged it to the max;;movie
110;['1621297266161250306'];1621297266161250304;@JerryDepp_ was that the movie about whitey bulger?;;movie
111;['1621297266161242113'];1621297266161242112;RT @stkdki52: üíñ‚ÜëSample Movie‚Üëüíñ https://t.co/skz429Smuu;;movie
112;['1621297262411538432'];1621297262411538432;RT @bbrightvrc: „Ö§„Ö§ Are you one of the many Marvel movie lovers? It was a pleasure to attend the event organized for the premiere of Ant-Man‚Ä¶;;movie
113;['1621297260138213376'];1621297260138213376;@Batman Best Batman movie!!!!!! üî•üî•üî•;;movie
114;['1621297259752161280'];1621297259752161280;"Greatest friendship in a movie? ü§ù

Done. https://t.co/3lTgi3IWyb https://t.co/NtvMifsA1u";;movie
115;['1621297259634630659'];1621297259634630656;RT @mikeyLuna67: Four tickets to the Barbie movie please https://t.co/Y0r8aYRAlz;;movie
116;['1621297258015735809'];1621297258015735808;@DailyCaller She looks she acts like she's in a movie called One flew over the cuckoo's nest . Keep up the good acting you're doing a great job imitating mentally ill.;;movie
117;['1621297255826194432'];1621297255826194432;"I could've sworn the Quebec-Ontario buddy cop mashup was a sketch idea from Air Farce but apparently, no, it was actually a movie someone made

TWICE https://t.co/gMxmXWEoI5";;movie
118;['1621297253179686912'];1621297253179686912;"I wanna cuddle tonight ‚òπÔ∏è &amp; watch a movie.";;movie
119;['1621297252261154817'];1621297252261154816;"Does anyone know what movie it is where there's this guy reading poetry like, ""I played music but you did not dance. I brought you flowers but you did not sniff them."" and some woman in the audience laughs, and the guy reads his poem louder and slaps the pages against his palm.";;movie
120;['1621297249559973888'];1621297249559973888;this made me rewatch the movie today and i cried when this happened https://t.co/HD9Wpwr036;;movie
121;['1621297248901398528'];1621297248901398528;The effects in this super-kitty movie are a spectacle https://t.co/raA9kMDKEq;;movie
122;['1621297247211368449'];1621297247211368448;@Amnotyourfan @BOOSIEOFFICIAL You sound a like a pussy haten ass nigga let‚Äôs see you make a song better yet let‚Äôs see you make a movie. He makes hood music great movies that‚Äôs what‚Äôs wrong with us black ppl hate see a black man doing better then them. But you can watch movies on Tubi on Netflix everyday;;movie
123;['1621297245906665472'];1621297245906665472;@marianogv @storymarkfilms @RafaSemTattoo @fiImverse I‚Äôm talking about her accent and body language and that is clearly visible in the clip.  You can argue about whether it fits in the movie or not, and I can‚Äôt really say until I see the film.  But she absolutely is 2020s in the 1920s.  It might be fine like Jamie Foxxx in Django.;;movie
124;['1621297244329615361'];1621297244329615360;RT @vhic_tore: Generations unborn would still watch this movie and enjoy every bit of it. https://t.co/zxSGEXsSEV;;movie
125;['1621297244174516226'];1621297244174516224;RT @kookendipity: ready for whatever this movie may bring https://t.co/lbSaEXgFR7;;movie
126;['1621297243780444160'];1621297243780444160;"@JamisonBooks He‚Äôs crazy. Legitimately. 

It‚Äôs all a show but he believes the movie is real life and he enjoys being a troll. He has to go.";;movie
127;['1621297238160076800'];1621297238160076800;@bisexualkokonoi Tbh I didn't understand the story fully until watching the movie, i don't remember much of the story but i remember how it made me feel;;movie
128;['1621297236662534146'];1621297236662534144;@mlmbruno goddammit why does a movie about sea monsters 'best friends' have so much affect on us https://t.co/8iMAdxoFvT;;movie
129;['1621297236381470720'];1621297236381470720;@YoGeechi As a movie connoisseur, I knew I had a sense of deja vu;;movie
130;['1621297235433590792'];1621297235433590784;Do you think the black clover anime would be able to continue after the movie is out;;movie
131;['1621297234972217345'];1621297234972217344;@MadScientistFF Surrogate was my favorite non die hard movie from him;;movie
132;['1621297234850594816'];1621297234850594816;NWH is, quite possibly, the ugliest big-budget movie I have ever seen. It's a movie where the more I think about it the more I hate it https://t.co/51UavP31Pc;;movie
133;['1621297232317222916'];1621297232317222912;RT @Shehusky: Dear Obidients, Don‚Äôt get jittery over any propaganda against Peter Obi. Such propaganda may come in the form of a movie or a‚Ä¶;;movie
134;['1621297231939899392'];1621297231939899392;"Another older thread on his classic ‚ÄòShankarabharanam‚Äô. This thread was written on 3rd Feb 2020, when the movie celebrated its 40th birthday! 

And to think he would make his exit from this world on this very same date!! Really uncanny! 

üôèüèºüôèüèºüôèüèº https://t.co/mCcs7aM0br";;movie
135;['1621297231788900353'];1621297231788900352;"RT @1359Karthick: #11yearsofmarina
#11yearsofprinceskism 

‚ù§Namma Veetu Annan‚ù§ First time üé•
Big screen opening   Super Entertainment  movie‚Ä¶";;movie
136;['1621297230190678023'];1621297230190678016;Another movie clip sold via #Adultwork.com! https://t.co/sVLyFTRb3I Squirting fun;;movie
137;['1621297229003886592'];1621297229003886592;"RT @scarletwnews: RUMOR: A #ScarletWitch solo movie is reportedly still in development at Marvel Studios! 

(via: @MyTimeToShineH) https://‚Ä¶";;movie
138;['1621297228139696129'];1621297228139696128;"RT @YourBudTevin: Well I didn‚Äôt get 50k on twitter. but we got close, so I‚Äôll do it for content.

The Bee Movie Drinking game. Every time t‚Ä¶";;movie
139;['1621297227955150849'];1621297227955150848;RT @lizzylemondrop: A24 has poisoned your minds that horror movies having literally any sense of humor what so ever are automatically ‚Äúhorr‚Ä¶;;movie
140;['1621297227875467268'];1621297227875467264;#KnockAtTheCabin is for sure one of Shyamalan‚Äôs best films - his best since Split. This movie makes you feel many emotions and the tension that it has in certain scenes leaves you on the edge of your seat. This is by far Dave Bautista‚Äôs best performance. Big DUB for Shyamalan. https://t.co/2mevsghqou;;movie
141;['1621297225581084673'];1621297225581084672;"@Mushroomcloud16 rogue one is the best recent one, but the old ones are the best of all time.

something about old movie posters from the 70s-90s seems to just be gone";;movie
142;['1621297222825709568'];1621297222825709568;"@Aiden1291 Genuinely assumed Detective Pikachu would be just a one off movie,nice to see the sequel is still going on

I wonder which new Pok√©mon will it feature,as well as how many";;movie
143;['1621297219474276357'];1621297219474276352;"BE KIND &amp; REWIND w RUKUS is Happening NOW! 
Year: 1993
Movie Reviews: THE GOOD SON | DAZED and CONFUSED
WACKY TABLE READS with @TonySchiavone &amp; @RebelTanea 
Music &amp; Pop Culture of 93
Group Gameplay- ROCKET LEAGUE
JOIN US!
https://t.co/SSo6oJi4tq";;movie
144;['1621297218648174598'];1621297218648174592;i should watch the movie groundhog day today;;movie
145;['1621297212683608064'];1621297212683608064;RT @NewRockstars: You get to bring two back for another movie. The rest are lost forever. Who ya got? ü§î https://t.co/ouUTOE8Abd;;movie
146;['1621297212348145665'];1621297212348145664;RT @DillonRoman9: I just can't get enough üçÜ. Meet my scene partner Mark. He's 12‚Äù and thicker than a snicker. See my entire New Movie on #o‚Ä¶;;movie
147;['1621297210578112512'];1621297210578112512;Sometimes when I watch the movie Groundhog Day, I think they should have fit John Candy into the film.;;movie
148;['1621297210431356930'];1621297210431356928;@cIearlyben i want 2 but i procrastinate my own happinsess and i LOVE movie theatres.... like id kill if they played my favs 24/7;;movie
149;['1621297209852723200'];1621297209852723200;RT @Jiniya1204: +BTS #Jin fan group @seokjin_1204Hz took the initiative in group purchasing 3K copies of his album and donating to N. Jolla‚Ä¶;;movie
150;['1621297209823092739'];1621297209823092736;"RT @YoGeechi: Have you seen the movie ‚ÄúYou People‚Äù

Me: Yea back in 2005 https://t.co/U7yX9K4nGB";;movie
151;['1621297209185603585'];1621297209185603584;Zoolander is my comfort movie;;movie
152;['1621297209072566272'];1621297209072566272;"If you haven‚Äôt seen the last two episodes of the Slept On Cinema Podcast you‚Äôre now in luck because you can do a back to back Keanu Reeves movie night double feature üòé
#movienight https://t.co/GZmHjgqtoi";;movie
153;['1621297208778702849'];1621297208778702848;RT @hayanxstalgia: the movie isn't out yet but she's already my favourite character and can do no wrong. shes probably about to die in this‚Ä¶;;movie
154;['1621297208632152064'];1621297208632152064;RT @MarvelStudios: Check out these photos from the red carpet at the Australian Special Fan Event for Marvel Studios‚Äô #AntManAndTheWaspQuan‚Ä¶;;movie
155;['1621297207298105346'];1621297207298105344;RT @ForemanMovie: The miraculous story of the once and future Heavyweight Champion of the World is headed to the big screen. Watch the trai‚Ä¶;;movie
156;['1621297202156150786'];1621297202156150784;"RT @GermainLussier: Universal just sent out this legacy trailer for the first Fast and Furious movie with the tag on it that ""In 9 Days"" we‚Ä¶";;movie
157;['1621297200075804672'];1621297200075804672;RT @IamHCB: #HondisiBareyiri Team has sent 15,000 Letters across Karnataka. The movie is releasing on February 10 at your nearest Cinemas.‚Ä¶;;movie
158;['1621297199824125955'];1621297199824125952;RT @ParthK_23: Deepika Padukone movie overtaking another Deepika Padukone movie in this week! Woah! ‚ú®ü§å..and both blockbusters.üî•;;movie
159;['1621297199442272256'];1621297199442272256;RT @strwbrrystoned: me fighting the kids to the sold out fnaf movie: https://t.co/f6iK9erZyO;;movie
160;['1621297198586535937'];1621297198586535936;RT @mikegolicjr: Forgetting Sarah Marshall is a perfect movie.;;movie
161;['1621297195315236865'];1621297195315236864;RT @KhabriBossLady: I am sorry to say that apparently #SumbulTouqeerKhan has been evicted from #BiggBoss16 show. No worries Sumbul fans, Su‚Ä¶;;movie
162;['1621297195147317248'];1621297195147317248;RT @lonely_heheh: The movie's over, you deserve a drink https://t.co/Al2r9XHmQ0;;movie
163;['1621297194576842754'];1621297194576842752;I love a good Tubi movie ü§£üò≠;;movie
164;['1621297189887643649'];1621297189887643648;You know what‚Äôs a good movie? Sahara with Humphrey Bogart. Free on Crackle;;movie
165;['1621297189426176000'];1621297189426176000;RT @artisthopper: Edward Hopper, New York Movie, 1939 #edwardhopper #museumofmodernart https://t.co/auzpdWNo13 https://t.co/U2v6DSfHps;;movie
166;['1621297188822302721'];1621297188822302720;"This is a nothing movie. 

Locked off shots of nothing. Sounds of nothing. Molasses pacing. Brain-numbing redundancy. It‚Äôs like someone on barbiturates pointed a camera and forgot to turn it off. 

I could have made a better film doing shadow horns with my fingers. #skinamarink https://t.co/zBPBUFJLeM";;movie
167;['1621297185668190208'];1621297185668190208;"RT @MarvelStudios: Prepare to witness the power of Kang.
 
On February 17, experience Marvel Studios‚Äô #AntManAndTheWaspQuantumania in 3D, o‚Ä¶";;movie
168;['1621297185022246916'];1621297185022246912;@VideoGabesA Man we should have a A Hat in Time movie;;movie
169;['1621297184678215681'];1621297184678215680;RT @emptywheel: Why is DOD not capturing the balloon if for no other reason than it'll make a better movie than Zero Dark Thirty?;;movie
170;['1621297184250511360'];1621297184250511360;RT @ohbonez: movie night with me? https://t.co/PZoYQZWcDt;;movie
171;['1621297182514245632'];1621297182514245632;RT @my_movieworld: My Movie World: Movie Review: An Inconvenient Love https://t.co/g7wneLnTra #AnInconvenientLove #DonBelle #DonnyPangilina‚Ä¶;;movie
172;['1621297179506757633'];1621297179506757632;RT @emptywheel: Why is DOD not capturing the balloon if for no other reason than it'll make a better movie than Zero Dark Thirty?;;movie
173;['1621297178839846916'];1621297178839846912;A sci fi movie called 9/11 part 2 and it‚Äôs awful;;movie
174;['1621297178412212226'];1621297178412212224;@missmayn Omg and I won't have to wait hours for one movie to download this time around. I'll know if I got what I expected or have been Rick-rolled within minutes now.;;movie
175;['1621297178042933250'];1621297178042933248;RT @BOOSIEOFFICIAL: MY MOVIE OUT RIGHT NOW GO GET   ‚ÄºÔ∏èhttps://t.co/2njW1l1ZCm https://t.co/Wscsn2qDLO;;movie
176;['1621297177644658689'];1621297177644658688;@kehenulo Woman King was horrible. Just not a good movie. Till on the other hand was great. However, my opinion doesn't matter anyway.;;movie
177;['1621297175752855554'];1621297175752855552;the movie started at 10pm and ended at 1:20am ü•≤ https://t.co/NJdUAoy1OP;;movie
178;['1621297174280650753'];1621297174280650752;RT @heymisscagler: This movie Shotgun Wedding on Amazon is funny af!;;movie
179;['1621297173643018243'];1621297173643018240;I bet this movie is playing in an upper circle of hell on repeat for eternity. https://t.co/7dlD0JSFPs;;movie
180;['1621297171092881410'];1621297171092881408;"RT @YoGeechi: Have you seen the movie ‚ÄúYou People‚Äù

Me: Yea back in 2005 https://t.co/U7yX9K4nGB";;movie
181;['1621297170656759809'];1621297170656759808;"RT @FNAFMovieUpdate: Louisiana Central is looking for extras in the Five Nights At Freddy's Movie.

#FNAF #FNAFMovie https://t.co/0FHycvQRti";;movie
182;['1621297163950067713'];1621297163950067712;RT @fazfacts_: Jason Blum has teased the movie with an on-site photo! https://t.co/sNc0tFlwPC;;movie
183;['1621297163417563137'];1621297163417563136;RT @lonely_heheh: The movie's over, you deserve a drink https://t.co/Al2r9XHmQ0;;movie
184;['1621297161781624839'];1621297161781624832;üíñ‚ÜëSample Movie‚Üëüíñ https://t.co/SGUiNgU8MP;;movie
185;['1621297161618051073'];1621297161618051072;üíñ‚ÜëSample Movie‚Üëüíñ https://t.co/lIPqR4FvQQ;;movie
186;['1621297161534070787'];1621297161534070784;RT @asterfaes: YouTube will force viewers to watch the creepiest horror movie trailers imaginable via unskippable ads, then turn around and‚Ä¶;;movie
187;['1621297161420918786'];1621297161420918784;Rollergator and Nukie (Some schmuch and some other schmuck, 1980-something and 1990-something, neither movie is worth the effort of googling director and release year because they are just that bad) https://t.co/grb96X9qFr;;movie
188;['1621297161341378561'];1621297161341378560;üíñ‚ÜëSample Movie‚Üëüíñ https://t.co/52Dh8hETuD;;movie
189;['1621297161303625728'];1621297161303625728;üíñ‚ÜëSample Movie‚Üëüíñ https://t.co/EXuDsbtmsm;;movie
190;['1621297160548499456'];1621297160548499456;@Sae_SZ They said young superman, as in it will just a cameo. Not the full movie is it?;;movie
191;['1621297160464568320'];1621297160464568320;@kzbrkkrs I suggest watching a movie https://t.co/95HvZ9Akmv;;movie
192;['1621297157214011394'];1621297157214011392;RT @MukulikaB: As I look forward to #Pathaan as I do every #ShahRukhKhanìÄ† movie, here is him with my book on the non-violent Pathans of the‚Ä¶;;movie
193;['1621297156563865602'];1621297156563865600;@TheAnnaGat It reminds me of a dystopian sci-fi movie.;;movie
194;['1621297155360055298'];1621297155360055296;"Super Snacks
Whether you're planning to watch the Big Game with friends, or maybe just a movie night, snacks are probably at the top of your menu! Check out our Super Snacks collection for tasty options that will pair perfectly with your produce delivery. 
https://t.co/6MXpoUFTPR https://t.co/jfUbv4MmcC";;movie
195;['1621297155108646912'];1621297155108646912;"RT @Paarmatma: Those who blabber Kranti is flop movie it hasn't got any success please look into this.

Dboss has more of mass audience the‚Ä¶";;movie
196;['1621297154911338496'];1621297154911338496;RT @RickySabroso23: Would you like to see this hot movie where my neighbor gets horny and very passionate? Do you want to see how he swallo‚Ä¶;;movie
197;['1621297153678114820'];1621297153678114816;Well it‚Äôs Groundhogs day. I better watch that Bill Murray movie. You know the one‚Ä¶ Ghostbusters!;;movie
198;['1621297151665147904'];1621297151665147904;"RT @buromadchen: Watch the full movie 

https://t.co/LpFjlIFDuu

#stockings #cumshot #businessoutfit https://t.co/rP6KGm6oU0";;movie
199;['1621297149685407745'];1621297149685407744;#WritingCommunity #blog  #book #poetry #music #shortstory #script #film #movie #content #blogger #affiliatemarketing #twitter #socialmedia #digitalmarketing Time for a  #writerslift  #creativity  #PointmanRT #BMPRT #follow #retweet #earnmoney https://t.co/fsM6rCzbH9;;movie
200;['1621297149677027328'];1621297149677027328;"RT @JamesL1927: Today is GROUNDHOG DAY.

In celebration, here‚Äôs a deleted scene from the movie that you might not have seen over and over a‚Ä¶";;movie
201;['1621297149584543744'];1621297149584543744;@Nick_Marseil This is your brain on nothing but Sony exclusive movie games https://t.co/gXsS9M3ytY;;movie
202;['1621297148993343489'];1621297148993343488;it‚Äôs a movie franchise about fast cars https://t.co/NZm4RwdPkR;;movie
203;['1621297147919433729'];1621297147919433728;"RT @JamesL1927: Today is GROUNDHOG DAY.

In celebration, here‚Äôs a deleted scene from the movie that you might not have seen over and over a‚Ä¶";;movie
204;['1621297144593534976'];1621297144593534976;RT @wayangpeople: Mentega Terbang is a film that challenges the taboo of our local culture. It discusses the theme of afterlife dari sudut‚Ä¶;;movie
205;['1621297142798159873'];1621297142798159872;"@FabiODST @TheGojiFan1985 I love him and Godzilla Earth‚Äôs designs &amp; powers, too bad they‚Äôre just in a boring ass movie";;movie
206;['1621297138541170688'];1621297138541170688;I need 2 watch punch drunk love again, best movie ever tbh;;movie
207;['1621297136322183168'];1621297136322183168;RT @Zeriq_5: The fnaf movie starts filming in a week https://t.co/ZcGcsgWXPQ;;movie
208;['1621297135282012161'];1621297135282012160;tell me you didn‚Äôt watch the movie without telling me https://t.co/Lv0TzC4pd2;;movie
209;['1621297133994270732'];1621297133994270720;Another movie clip sold via #Adultwork.com! https://t.co/IxzfGXPwnz Riding and fucking my torso toy;;movie
210;['1621297130441957378'];1621297130441957376;@acroce66 The Apartment my Favor movie forever !!!üòä https://t.co/QsvjlbWqOQ;;movie
211;['1621297129380626437'];1621297129380626432;"@_lauraaaxo_ @aftermovie feel better my friend, enjoy your movie time.
I'm laying in bed in pain myself...waiting for oral surgery date..... have to have a full dental extraction then new teeth... side effects of heart failure complications &amp; the meds they had me on.... hopefully we both find relief! üíö";;movie
212;['1621297127400869889'];1621297127400869888;@qtcinderella @StreamerAwards @sceneofaction This is 1 of the most talented humans I ever seen.. This is someone who deserves recognition for the work he puts in. His performances, Music, everything is like a movie! I used to watch him a lot on Twitch. :(;;movie
213;['1621297127044399105'];1621297127044399104;afronation? wireless? 2 man stepping abroad? 2033 is gonna be a movie;;movie
214;['1621297126503227392'];1621297126503227392;RT @haworthes: her ending up changing her caption, like that cast was literally performative hell. one of many reasons i see why she didn‚Äôt‚Ä¶;;movie
215;['1621297125702205441'];1621297125702205440;"RT @hamstringFCB: Yul Edochie act film as Peter Obi and immediately El Rufai said Peter Obi is a Nollywood actor.

Safe to say APC sponsore‚Ä¶";;movie
216;['1621297121390460928'];1621297121390460928;RT @StepNya: Also the movie took the animation and made it better somehow, the movie is really emotional, has a great message in it and of‚Ä¶;;movie
217;['1621297120644067328'];1621297120644067328;"RT @Jav_grandpa: SSIS-586 A Middle-Aged Sexual Harassment Boss Who Despises Me On A Business Trip And Unexpectedly In A Shared Room
.
üë©‚Äçü¶∞Ac‚Ä¶";;movie
218;['1621297119381569537'];1621297119381569536;"RT @newjeansblog: *minji and haerin having a staring contest*

üêª: i‚Äôm crying now‚Ä¶ my tears are gonna drop sooon~ü•π

üê∞hanni: it‚Äôs like a roma‚Ä¶";;movie
219;['1621297116487507969'];1621297116487507968;@3801Productions It‚Äôs a tie between these two imo. I grew up with George Carlin narrations, and Pierce is in the best thomas movie and what made the narration in TGD so good. https://t.co/FIlCXkYZnn;;movie
220;['1621297114805420032'];1621297114805420032;jesse st james in a gay m night Shyamalan movie;;movie
221;['1621297114755076097'];1621297114755076096;Either reset it all or not at all, can‚Äôt believe they fucked up my favorites dc characters first movie this bad. https://t.co/5EMYwRIQ54;;movie
222;['1621297112519434241'];1621297112519434240;"RT @SpacePunksClub: Hey Punks!

@Alex_parker86 has a fascination with deep space astronomy and his favourite movie scene is the docking sce‚Ä¶";;movie
223;['1621297111068205058'];1621297111068205056;@Sid_Seixeiro Watch the movie and you'll change your mind;;movie
224;['1621297110619668483'];1621297110619668480;RT @JinksDan: Giving hope to writers and producers everywhere, Deadline just announced a movie going into production that has been in devel‚Ä¶;;movie
225;['1621297110426521600'];1621297110426521600;RT @DiscussingFilm: Blumhouse‚Äôs live-action ‚ÄòFIVE NIGHTS AT FREDDY‚ÄôS‚Äô movie has begun filming. https://t.co/VZsPsM4avP;;movie
226;['1621297110166675457'];1621297110166675456;"RT @Manohar17_: Prince may not be a great movie but not worst as everyone says about it üíØ

#11YearsOfPrinceSKism #Ayalaan 
#Maaveeran @Siva‚Ä¶";;movie
227;['1621297108442562561'];1621297108442562560;When Christmas Wears It‚Äôs Tinseled Gown: THE BEST CHRISTMAS MOVIES EVER ‚Äì SCENTSATIONAL CHR... https://t.co/KDHkTSFxHx  #HollyJolly #mostwonderfultimeofyear #Snowmen #Christmasrefreshed #mistletoe #Gingerbread #stockingstuffer #Movie #Movies #moviereview #moviereviews;;movie
228;['1621297108379656193'];1621297108379656192;RT @namidailyyy: nami movie strong world https://t.co/keVW9028Mc;;movie
229;['1621297108249714688'];1621297108249714688;RT @erickohn: Spielberg took decades to turn his life story into a movie. Mia Hansen-L√∏ve has been doing it from the start. https://t.co/C2‚Ä¶;;movie
230;['1621297106190319618'];1621297106190319616;RT @theprayagtiwari: @vivekagnihotri This movie is directed by you. üò≠ https://t.co/C4becV0HlW;;movie
231;['1621297104713912326'];1621297104713912320;@manscaped The Nut movie;;movie
232;['1621297101886951424'];1621297101886951424;@retquits OMG STOP IM CRYING RN SHES BEAUTIFUL üò≠‚ù§Ô∏è‚ù§Ô∏è‚ù§Ô∏è I love them all it‚Äôs so hard to choose one üò≠ü§öüèº but the 3rd really hits home since that‚Äôs what she looked like during the most pivotal part of the movie ILL NEVER FORGET THEIR BEAUTIFUL REUNION üò≠‚ù§Ô∏è‚ù§Ô∏è‚ù§Ô∏è‚ù§Ô∏è;;movie
233;['1621297101098618880'];1621297101098618880;"RT @mourmisty: ü¶Åüê∞üë®‚Äçüë®‚Äçüë¶üë¶üëßüë∂
Family movie watching evening https://t.co/eSxBTnPyzj";;movie
234;['1621297100662181889'];1621297100662181888;RT @BDisgusting: ‚ÄòTerrifier 2‚Äô Director Damien Leone Teases an Upcoming Horror Movie With Sam Raimi‚Äôs Ghost House Pictures https://t.co/QnQ‚Ä¶;;movie
235;['1621297099915796481'];1621297099915796480;"RT @skxawgn: the ""ewya has heard you!!!"" scene is probably one of my fav movie scenes of all time";;movie
236;['1621297098460389377'];1621297098460389376;RT @bugsmaytrix: ME AND MIA ARE MAKING A MOVIE LETS FUCKING GO (please donate? üëÄüëÄ);;movie
237;['1621297093636669441'];1621297093636669440;@tunguz Midjourney prompt:  **a realistic hd transformer autobot like from the movie transformers but the head of it a chatbot head in metallic green whitish color. The setting is the desert area 51 with open clear blue skies 8k hd uhd hyper detailed and realistic**;;movie
238;['1621297093532082176'];1621297093532082176;Is the movie Dope really a sequel to The Wood?;;movie
239;['1621297092177051649'];1621297092177051648;why use netflix when you can literally google ‚Äòwatch (insert movie title here) online free‚Äô #NetflixIsOverParty;;movie
240;['1621297091128750080'];1621297091128750080;"RT @emanin: While everyone is raving about one Hindi Movie being a hit now ‚Ä¶.. one Malayalam Movie ‚ÄúMaalikapuram‚Äù was produced at ‚Çπ3.5cr &amp;‚Ä¶";;movie
241;['1621297090595790849'];1621297090595790848;"watching the movie ‚ùå‚ùå

watching 37483+ parts of it on tiktok with subway surfers playing in the back ‚úÖ‚úÖ";;movie
242;['1621297090507984897'];1621297090507984896;‚ÄúYou People‚Äù funny movie !üòÇ;;movie
243;['1621297090419638272'];1621297090419638272;"RT @coot271: She's in your home.

FULL UNCUT, HD movie: https://t.co/TWDYgn7PuP

Massive thanks to @MethadosA for being the inspiration, wi‚Ä¶";;movie
244;['1621297087475220481'];1621297087475220480;"RT @Manohar17_: Prince may not be a great movie but not worst as everyone says about it üíØ

#11YearsOfPrinceSKism #Ayalaan 
#Maaveeran @Siva‚Ä¶";;movie
245;['1621297084233138177'];1621297084233138176;RT @MarvelShots4K: Reminder that this was not an Avenger but a Captain America movie ‚ú® https://t.co/WM9KX2yd7r;;movie
246;['1621297081255342081'];1621297081255342080;Was also gonna watch the movie tonight but I don‚Äôt know if I‚Äôm mentally stable to üßç;;movie
247;['1621297079816491008'];1621297079816491008;üì∑ the-oddest-inkling: Rare promo pictures of Bella Swan from the first Twilight movie https://t.co/vRxiHLRFom;;movie
248;['1621297078961049600'];1621297078961049600;"@JohnWickMovie Boban was fantastic in the previous movie.
Is there a 'Boban' moment of a similar cameo?";;movie
249;['1621297078243823617'];1621297078243823616;RT @sha_4005: #WriterPadmabhushan cinema chusi bayataki ragaane, Oka manchi cinema chusinam ane category lo easy ga vunde movie idi. Perfor‚Ä¶;;movie
250;['1621297077010534400'];1621297077010534400;@MadScientistFF Expendables 1,2,and 3. I love him in Tulsa King (not a movie but still good);;movie
251;['1621297076993769473'];1621297076993769472;"RT @Spotlight_Abby: Yul Edochie's PETER OBI movie &amp; the absurd portrayal of Margaret Obi would've remained in the dustbins of nollywood if‚Ä¶";;movie
252;['1621297073101365248'];1621297073101365248;"@ToastyDecline @LetheRiverBand omg they are making a command and conquer movie 

deep fake tim curry just chewing at the scenery and hearts";;movie
253;['1621297071645917189'];1621297071645917184;he fucking done boo ( IVAN DRAGO FROM THE MOVIE ROCKY 4 KNOCKING APOLLO CREED OUT SAYING IF HE DIES HE DIES AIRCRAFT CARRIER PILOT HAIRCUT VOICE ) Lmfao;;movie
254;['1621297070039785472'];1621297070039785472;Need to rewatch this movie https://t.co/5X1kWMg12g;;movie
255;['1621297065979420672'];1621297065979420672;"@Lukewearechange The movie ""Hard Target"" with Jean Claude Van Damme.";;movie
256;['1621297064767361026'];1621297064767361024;Interstellar is a great movie;;movie
257;['1621297063630864384'];1621297063630864384;@Theo_TJ_Jordan @Kazza1901 I could not imagine this being my daughter. Being told by people she is supposed to trust that having a naked guy in her locker room watching her change is ‚Äúnormal‚Äù. Nope, nope, nope and no. Bosom Buddies made fun of this, every nerd revenge movie, and the first few seasons IASiP;;movie
258;['1621297062515019776'];1621297062515019776;RT @BoogieHarrySA: I just watched a full movie on Twitter;;movie
259;['1621297062318071808'];1621297062318071808;I just realize im in japan that means i can watch the new demon slayer movie üëÄ https://t.co/5oNVl0lJbY;;movie
260;['1621297056315760642'];1621297056315760640;RT @blurayangel: If you had to pick only ONE comic book movie to watch in 2025, which one are you choosing? https://t.co/uwaZkvQJrs;;movie
261;['1621297055896403969'];1621297055896403968;RT @ChristianBruts2: FNAF fans when they finally watching the fnaf movie after 9 years https://t.co/4uBFAvQfc5;;movie
262;['1621297050263363584'];1621297050263363584;@KeanuTrades Crazy movie;;movie
263;['1621297050116554752'];1621297050116554752;@milkievich What a time to be alive. Now SA victims have to follow a special standard set by random internet folks? I‚Äôll join you in being disgusting too. I just went to a bar and movie. The victim blaming you deal with is beyond anything I‚Äôve read lately.;;movie
264;['1621297043544088578'];1621297043544088576;"RT @YoGeechi: Have you seen the movie ‚ÄúYou People‚Äù

Me: Yea back in 2005 https://t.co/U7yX9K4nGB";;movie
265;['1621297041400860673'];1621297041400860672;RT @UltimateDSEris: the fnaf movie https://t.co/LdYu63Zh1R;;movie
266;['1621297040176070660'];1621297040176070656;@weirdingwitch I'm thinking of doing the same. I thought the movie was perfectly fine but geez it's another one where it's not nearly bad enough or good enough to warrant such heated arguments lol;;movie
267;['1621297039966363652'];1621297039966363648;"@typo_cat My brother and sister-in-law own 3 movie theaters. Two of them have multiple screens. It is like this multiple times a day. My brother used to use a leaf blower until he learned it was bad for the screen. 

It's just so easy to be considerate. Don't be lazy, people. Please.";;movie
268;['1621297039949631493'];1621297039949631488;"yes. it‚Äôs just like a movie playing in my mind &amp; it‚Äôs been that way since i was a kid. that‚Äôs why i always liked reading but people acted like it was weird üòÇ https://t.co/Xlm72AeA0U";;movie
269;['1621297037017841664'];1621297037017841664;RT @bugsmaytrix: thank you all so much who have already supported Again Again, this means so much to me. i'm so fucking stoked to make this‚Ä¶;;movie
270;['1621297036372082690'];1621297036372082688;Not only do some places are getting the movie 2 days early but also a double feature ??? https://t.co/WVjFsbCVZr;;movie
271;['1621297036099190785'];1621297036099190784;in the spring probably around April-May, movie is not out until November https://t.co/PkwIFT4SGC;;movie
272;['1621297036086632449'];1621297036086632448;RT @OGCORLIN: These are the exact same movie https://t.co/DLji9DjQEZ;;movie
273;['1621297035876999169'];1621297035876999168;"....Huh?  This broad knew her canceled movie was shit, wanted to star in it anyway because of its ""climate change"" plot and calls the crew ""peasants,"" but didnt mean it in a derogatory way?
https://t.co/3FqOfGJQkf";;movie
274;['1621297034518228992'];1621297034518228992;RT @AMCSQUEEZE52741: 'Avatar 2' Stands as 10th Biggest Domestic Box Office Release - Globally, ‚ÄúAvatar: The Way of Water‚Äù stands as the fou‚Ä¶;;movie
275;['1621297033406517248'];1621297033406517248;RT @BOOSIEOFFICIAL: MY MOVIE OUT RIGHT NOW GO GET   ‚ÄºÔ∏èhttps://t.co/2njW1l1ZCm https://t.co/Wscsn2qDLO;;movie
276;['1621297033251258369'];1621297033251258368;Another movie clip sold via #Adultwork.com! https://t.co/aFs2O7DNsN Want to trade places with him?;;movie
277;['1621297033008287745'];1621297033008287744;"Prince may not be a great movie but not worst as everyone says about it üíØ

#11YearsOfPrinceSKism #Ayalaan 
#Maaveeran @Siva_Kartikeyan";;movie
278;['1621297031493963778'];1621297031493963776;RT @NewRockstars: You get to bring two back for another movie. The rest are lost forever. Who ya got? ü§î https://t.co/ouUTOE8Abd;;movie
279;['1621297031443791873'];1621297031443791872;RT @VijayIsMyLife: #Thalapathy67 is a pan-India movie. For the better reach and marketing reasons, they're revealing the title tomorrow, br‚Ä¶;;movie
280;['1621297029384404992'];1621297029384404992;Harry Potter is one of the best movie series;;movie
281;['1621297029145325568'];1621297029145325568;"RT @yrf: #Pathaan continues to win hearts, keep the love coming ‚ù§Ô∏è 
Book your tickets now! https://t.co/SD17p6x9HI | https://t.co/VkhFng6vB‚Ä¶";;movie
282;['1621297027761033216'];1621297027761033216;"RT @DiivesArt: Our bunny fighter is in trouble, these opponents don't have mercy with her! üò†‚ù§Ô∏èüí•
Consider supporting me to watch this amazin‚Ä¶";;movie
283;['1621297027580583938'];1621297027580583936;@JamesGunn @DCComics I hope the new movie versions of cities like Metropolis and Gotham will feel different from real life cities like Chicago and New York. I really wanna see that Daily Planet Globe in the theaters;;movie
284;['1621297026397765635'];1621297026397765632;"RT @YoGeechi: Have you seen the movie ‚ÄúYou People‚Äù

Me: Yea back in 2005 https://t.co/U7yX9K4nGB";;movie
285;['1621297024879697926'];1621297024879697920;"RT @Helen__horny: #sŸéŸèex
porn movie 
#seŸéŸèxy

https://t.co/ZnYlEw4f2T";;movie
286;['1621297023398957064'];1621297023398957056;@MickeyFisherOK @ksorbs Yeah, real blockbusters. He produced a movie and casted himself. üôÑ;;movie
287;['1621297020286763010'];1621297020286763008;Watched this movie and fell in love with this man and then out of love when he became a producer and then in love again https://t.co/cOjBC5GYl2;;movie
288;['1621297019825410048'];1621297019825410048;"@xaviersonline they didn't miss the point, tho. it's titled ""scary movie"" because that was the original title of scream. scream is a parody of horror while still being a horror. scary movie is a parody of horror as a comedy. im not saying they're great movies, but i don't agree with this take.";;movie
289;['1621297018307067906'];1621297018307067904;RT @crystalbestof: Crystal Reed behind the scenes of 'Teen Wolf: The Movie' https://t.co/6TvM3d35sy;;movie
290;['1621297017975603200'];1621297017975603200;"RT @Aiden1291: So now we're getting 

- The Mario Movie
- Sonic Movie 3 
- AND Detective Pikachu 2!?

WE WON! üî• https://t.co/4nCCSvo4bI";;movie
291;['1621297017124274176'];1621297017124274176;"Episode 7 was a solid Star Wars movie

Episodes 8 &amp; 9 completely dismantled anything 7 tried to set up https://t.co/IuQEM2xC3d";;movie
292;['1621297016344137728'];1621297016344137728;@NerdOutMusic the winnie the pooh movie ahahahaha;;movie
293;['1621297014913830914'];1621297014913830912;"RT @YoGeechi: Have you seen the movie ‚ÄúYou People‚Äù

Me: Yea back in 2005 https://t.co/U7yX9K4nGB";;movie
294;['1621297013206781952'];1621297013206781952;Did you know that in Scott Pilgrim vs the World, co-writer/producer/director Edgar Wright told the actors not to blink to give the movie a comic-book vibe. https://t.co/cJ56f1VyXD;;movie
295;['1621297011629690881'];1621297011629690880;RT @lithoped1on: This movie is fucking bananas https://t.co/LMYympbFkE;;movie
296;['1621297011084632064'];1621297011084632064;they have animated it in red movie if u forgot https://t.co/PDdx7KCRVu;;movie
297;['1621297009729716224'];1621297009729716224;RT @plume__: the food and drink you consume in a movie theater doesn‚Äôt really go into your body. it goes into your movie theater body which‚Ä¶;;movie
298;['1621297009213800449'];1621297009213800448;"RT @elzzebells: AFTER ALL THIS TIMEüéâüéâü•≥üçæüçæ!!! THE FNAF MOVIE is FINALLY FILMING!!!!
#FNAFMovie #FNAF #fivenightsatfreddys https://t.co/hPPH4Y‚Ä¶";;movie
299;['1621297006269566979'];1621297006269566976;RT @WSJ_manga: Kimetsu no Yaiba 'Twelve Kozuki' PV to commemorate the release of the series' World Tour Movie in theatres. https://t.co/U3S‚Ä¶;;movie
300;['1621297004650594304'];1621297004650594304;"RT @WePlay_Esports: Who needs the #dungeonsanddragons movie when you have this?
@Asmongold @emiru @OTKnetwork https://t.co/iehPPMQ5xu";;movie
301;['1621297003031412737'];1621297003031412736;RT @blusmarine: life‚Äôs a bitch but mine‚Äôs a movie üßø;;movie
302;['1621297002448392192'];1621297002448392192;"RT @YoGeechi: Have you seen the movie ‚ÄúYou People‚Äù

Me: Yea back in 2005 https://t.co/U7yX9K4nGB";;movie
303;['1621297002007912448'];1621297002007912448;"Seated for #KnockAtTheCabin

Always look forward to a new Shyamalan movie! https://t.co/t65AuXPR6O";;movie
304;['1621297001223577601'];1621297001223577600;RT @OGCORLIN: These are the exact same movie https://t.co/DLji9DjQEZ;;movie
305;['1621297000632156160'];1621297000632156160;@MalcomFlexLM Super duper Botox... like the Catwoman movie;;movie
306;['1621296998954541056'];1621296998954541056;I completed this series in 32 daysü•∞I fell in love with this story, this world, the characters‚Ä¶.I didn‚Äôt want it to end. I laughed, I cried, felt angry, sadness, joy, happiness‚Ä¶.I connected with the characters. Why has this not been made into a tv or movie series?!#BookLover https://t.co/5vHgR88Bac;;movie
307;['1621296998748921858'];1621296998748921856;"Our verdict on Bloody Hell

#BloodyHell

#movies #movie #horror #comedy #moviereviews #moviereview #film #films #FilmTwitter https://t.co/zPCMc6pa2h";;movie
308;['1621296998661095424'];1621296998661095424;"RT @AntMan: Prepare to witness the power of Kang.
 
On February 17, experience Marvel Studios‚Äô #AntManAndTheWaspQuantumania in 3D, only in‚Ä¶";;movie
309;['1621296997805195269'];1621296997805195264;It‚Äôs a movie playing in my! https://t.co/Ev9hWog1Qx;;movie
310;['1621296997289558016'];1621296997289558016;RT @yakkoverse: Its time for Animaniacs and were zany to the max. So just sit back and relax you'll laugh till you collapse, were Animaniac‚Ä¶;;movie
311;['1621296997276831744'];1621296997276831744;"RT @BlondieMon1: Movies 
Movie Stars
Hollywood 
Tragedy 

Guns? https://t.co/gGgOuyzmrt";;movie
312;['1621296997084049409'];1621296997084049408;"but me and my friends might go watch this movie
i love all of the directors previous films so im expecting some good stuff https://t.co/yLNxZZOv1W";;movie
313;['1621296997016965120'];1621296997016965120;@littleapostate It is a movie! Enjoy the show!;;movie
314;['1621296996504977410'];1621296996504977408;@kevinbacon @KellyandGeoff My wife has Footloose. I have Tremors. Music is lacking these days. The movie you should make another sequel to is obvious‚Ä¶;;movie
315;['1621296995854852097'];1621296995854852096;I enjoyed black panther a great deal that was the best movie since No Way Home;;movie
316;['1621296994705612803'];1621296994705612800;How high really use to be my go to movie üòÇüòÇüòÇ;;movie
317;['1621296992222584832'];1621296992222584832;RT @BaneyMike: Werner Herzog getting a medal from a right-wing mayor called Porky amid protests that have killed dozens of people as democr‚Ä¶;;movie
318;['1621296986950610947'];1621296986950610944;@Haurmeya My favorite movie is blazing saddles, what does that say about me?;;movie
319;['1621296986786766849'];1621296986786766848;RT @KingOfLighting: It's been 14 yrs and this shit STILL SLAPS Harder than anything else in an Anime Movie! https://t.co/910HIakwo3;;movie
320;['1621296985251643392'];1621296985251643392;@JonLemire @JohnJHarwood Have they not seen the Batman movie with the skyhook plane? https://t.co/XgERJdrpNd;;movie
321;['1621296985000083457'];1621296985000083456;"@Croc_Block Nightwing
Oracle
Batgirl
Robin/Red Robin (Tim would be Robin at the beginning of the movie, but become Red Robin by the end) https://t.co/AES0fbP4Is";;movie
322;['1621296983045455873'];1621296983045455872;RT @SpringTrap4DBD_: Please let the FNAF movie end like this üôèüôè https://t.co/9vaxRgAIRo;;movie
323;['1621296982965755911'];1621296982965755904;"RT @YoGeechi: Have you seen the movie ‚ÄúYou People‚Äù

Me: Yea back in 2005 https://t.co/U7yX9K4nGB";;movie
324;['1621296981917450240'];1621296981917450240;RT @itukano_jiro: üíñ‚ÜëSample Movie‚Üëüíñ https://t.co/qc4PZU9x5B;;movie
325;['1621296981556531200'];1621296981556531200;@Haurmeya I still know nothing about this movie and yet it terrifies me in spite of/because of that;;movie
326;['1621296980956971009'];1621296980956971008;"RT @StarCinema: What happens when the future meets the present? Watch ""Past Tense"" FULL MOVIE for FREE on Star Cinema's YouTube channel! ht‚Ä¶";;movie
327;['1621296980243943424'];1621296980243943424;"@nanako_aizawa @Nessie44 #love like the oatmeal at hotel breakfast üçèüçî

#Demon #Space #Kitty ‚ú®‚≠êÔ∏è‚ö°Ô∏èüí´
are you going to join my pirate crew? üê∞‚ò†Ô∏èüè¥‚Äç‚ò†Ô∏è

300wives ‚≠êÔ∏è we making a reality TV show or action movie?

1. no talking over girls
2. no male attention on #illuminati
(no men allowed in the building) üåáüí¶ https://t.co/XbnNEAreRf";;movie
328;['1621296980210196481'];1621296980210196480;"Community Movie Night‚ù§Ô∏è 
Stream afterwardsüî•

‚ÄúBlack Panther: Wakanda Forever‚ÄùüíØ

Starting Soon!!
In the ‚ÄúMOVIE NIGHT‚Äù Channel
‚¨áÔ∏è‚¨áÔ∏è‚¨áÔ∏èüçøüçøüé¨üé¨‚¨áÔ∏è‚¨áÔ∏è‚¨áÔ∏è

https://t.co/2ubwzEyRWw

#movie #community #EnduranceEsports";;movie
329;['1621296979715276807'];1621296979715276800;@PodMicroscope @jdavidrhodes @nicknunziata @buildy Don‚Äôt care what the captions say. It‚Äôs ‚Äúbreathe it‚Äù every single time, and the movie is better for it.;;movie
330;['1621296979706798080'];1621296979706798080;"Sen. Lindsey Graham: ""If you can't admire Joe Biden as a person, then probably you've got a problem, you need to do some self-evaluation... He is as good a man as God ever created.""  

This was not a movie. 

The Devil We Know https://t.co/BaIQuiBaUa";;movie
331;['1621296978016567297'];1621296978016567296;@withlovethomas_ that‚Äôs the thing. you will watch ‚Äúmy shit‚Äù and repeat the narratives to feel above it. you don‚Äôt want to learn what the directors were thinking or why they did it the way they did. why would i wanna teach someone so hostile? i would have to, if even an mcu movie stumps you;;movie
332;['1621296977672642562'];1621296977672642560;She definitely would've been successful in B movie's LoL https://t.co/8dBiWIHZ07;;movie
333;['1621296977630617605'];1621296977630617600;RT @NintendoAmerica: Nintendo and Illumination are partnering on a movie starring Mario, co-produced by Shigeru Miyamoto and Chris Meledand‚Ä¶;;movie
334;['1621296977114763265'];1621296977114763264;The movie lives on!!! https://t.co/vfKbUvajge;;movie
335;['1621296974682005511'];1621296974682005504;"RT @nuggeti3: ""not telling hell from heaven, comes with it's fair share of guilt. you can try if you'd like to deny""

decided to draw anoth‚Ä¶";;movie
336;['1621296968747163648'];1621296968747163648;@G2esports Scary Movie;;movie
337;['1621296968147279874'];1621296968147279872;RT @DiscussingFilm: Blumhouse‚Äôs live-action ‚ÄòFIVE NIGHTS AT FREDDY‚ÄôS‚Äô movie has begun filming. https://t.co/VZsPsM4avP;;movie
338;['1621296967643979776'];1621296967643979776;being a scav judge means spending an hour on fandom wikis because no one is giving you a complete plot summary of a 1 star early 2000s childrens movie;;movie
339;['1621296967383932928'];1621296967383932928;"You have to watch Groundhog Day on Groundhog Day right? 

An absolute classic movie";;movie
340;['1621296964066484225'];1621296964066484224;RT @DiscussingFilm: Blumhouse‚Äôs live-action ‚ÄòFIVE NIGHTS AT FREDDY‚ÄôS‚Äô movie has begun filming. https://t.co/VZsPsM4avP;;movie
341;['1621296960157241344'];1621296960157241344;@arvofart This would be like a scene from Starship Troopers except the satire is too over the top for that movie.;;movie
342;['1621296958186094592'];1621296958186094592;"RT @mourmisty: ü¶Åüê∞üë®‚Äçüë®‚Äçüë¶üë¶üëßüë∂
Family movie watching evening https://t.co/eSxBTnPyzj";;movie
343;['1621296957825097728'];1621296957825097728;Feel like I never get bored or lose interest in a movie regardless of how much I think one can gain from it, I‚Äôm far too active in engaging myself in it to just not be emotionally or intellectually engaged on any front at all;;movie
344;['1621296957497942019'];1621296957497942016;@aquaqueer i used an illegal website because i don‚Äôt like movie theaters :3 it‚Äôs 10/10 u shoild watch it;;movie
345;['1621296957137342464'];1621296957137342464;RT @gothamhiphop: A Batman movie with a hip hop soundtrack would be raw https://t.co/zr6DO13IMe;;movie
346;['1621296955358855168'];1621296955358855168;"RT @MarvelStudios: Prepare to witness the power of Kang.
 
On February 17, experience Marvel Studios‚Äô #AntManAndTheWaspQuantumania in 3D, o‚Ä¶";;movie
347;['1621296953215651842'];1621296953215651840;"Not a great movie to my taste, but a good movie, worth watching. 
Lamborghini: The Man Behind the Legend https://t.co/ikC4CbGKnm";;movie
348;['1621296950350864386'];1621296950350864384;@emy3417 It a great movie;;movie
349;['1621296949600165891'];1621296949600165888;RT @BDisgusting: ‚ÄòTerrifier 2‚Äô Director Damien Leone Teases an Upcoming Horror Movie With Sam Raimi‚Äôs Ghost House Pictures https://t.co/QnQ‚Ä¶;;movie
350;['1621296949038120961'];1621296949038120960;I love this movie so much, I've watched it a thousand times and I still cry every time;;movie
351;['1621296948287537152'];1621296948287537152;RT @itukano_jiro: üíñ‚ÜëSample Movie‚Üëüíñ https://t.co/tYHI8zeCpm;;movie
352;['1621296948031492097'];1621296948031492096;@monodevice Remember Idiocracy movie ?...... https://t.co/KQzRO6BpEL;;movie
353;['1621296946789978112'];1621296946789978112;RT @TheBRADYbunch18: If I say ‚Äúyou too‚Äù to one more person that works at the movie theatre who tells me to ‚Äúenjoy‚Äù I swear to God;;movie
354;['1621296944726302721'];1621296944726302720;hoping there's a lot of previews for the bts movie bc i'm currently otw and i'm running late üò≠;;movie
355;['1621296943430238208'];1621296943430238208;"RT @YoGeechi: Have you seen the movie ‚ÄúYou People‚Äù

Me: Yea back in 2005 https://t.co/U7yX9K4nGB";;movie
356;['1621296941295362049'];1621296941295362048;"RT @MichaelMatteoRo: Greatest friendship in a movie? ü§ù

I'll start: https://t.co/tRvTrhlYhu";;movie
357;['1621296940330663939'];1621296940330663936;"RT @KreatlikeCrete: BUBURINA HAS SO LITTLE ART AND IT'S A FUCKING CRIME SINCE SHE'S FROM THE INFLATION MOVIE

DO MORE https://t.co/L4kuDXU1‚Ä¶";;movie
358;['1621296939374641153'];1621296939374641152;"RT @YourBudTevin: Well I didn‚Äôt get 50k on twitter. but we got close, so I‚Äôll do it for content.

The Bee Movie Drinking game. Every time t‚Ä¶";;movie
359;['1621296938040827908'];1621296938040827904;@VivikaWidow Great movie and novella. Different Seasons, where The Body is from, is worth getting with 3 of the 4 novellas being good (and movies).;;movie
360;['1621296937390714880'];1621296937390714880;RT @lonely_heheh: The movie's over, you deserve a drink https://t.co/Al2r9XHmQ0;;movie
361;['1621296932797693952'];1621296932797693952;@strike_turbo Tinker bell movie;;movie
362;['1621296930340085760'];1621296930340085760;ant man movie so soon and my hope of mcu cassie kate bff agenda post credit scene is so close even tho i know im not getting it im gonna live in my delusion for a bit longer ü§™ü§© https://t.co/v19ltZ0Gfw;;movie
363;['1621296926607003652'];1621296926607003648;this movie is so fucking insane i can‚Äôt stand it but i gotta see it to the end after coming this far;;movie
364;['1621296925713780736'];1621296925713780736;@PraveeGv 1997 peddayya also hit,2017 gspk also hit ,2000 also bala movie average chiru movie just hit , only ballaya did war one sided;;movie
365;['1621296923851522048'];1621296923851522048;RT @bigfatmoosepssy: if i was an orphan in a kids movie and the lady that ran the orphanage was really mean to me, this video is the equiva‚Ä¶;;movie
366;['1621296922710667264'];1621296922710667264;@revengers_movie IS THAT SHINICHIRO?????????;;movie
367;['1621296921666269184'];1621296921666269184;"RT @MichaelMatteoRo: Greatest friendship in a movie? ü§ù

I'll start: https://t.co/tRvTrhlYhu";;movie
368;['1621296920667869185'];1621296920667869184;RT @kookendipity: ready for whatever this movie may bring https://t.co/lbSaEXgFR7;;movie
369;['1621296919543791616'];1621296919543791616;RT @strwbrrystoned: me fighting the kids to the sold out fnaf movie: https://t.co/f6iK9erZyO;;movie
370;['1621296917878636546'];1621296917878636544;RT @l1ndsayln: @JoshuaTurek this is the perfect ending to a crazy coming of age movie wow I can see it now;;movie
371;['1621296917581012992'];1621296917581012992;RT @sMDgiTOocwKgtn5: @oscarsfor @UHMDoFRGLoTjTF0 @TheAcademy @TomCruise Yes . Mr. Tom Cruise  revitalized a movie industry that was in decl‚Ä¶;;movie
372;['1621296909959962624'];1621296909959962624;You‚Äôd think Every Movie Except Sixth Sense And Unbreakable would have turned people off from M. Night but what do I know;;movie
373;['1621296908361670656'];1621296908361670656;RT @mymoolody: Just a reminder that if you watch 1 Scream movie per week starting now you‚Äôll be done in time for the release of Scream VI o‚Ä¶;;movie
374;['1621296907749580800'];1621296907749580800;RT @itukano_jiro: üíñ‚ÜëSample Movie‚Üëüíñ https://t.co/XmeQdHPIOE;;movie
375;['1621296906230956059'];1621296906230956032;"RT @YoGeechi: Have you seen the movie ‚ÄúYou People‚Äù

Me: Yea back in 2005 https://t.co/U7yX9K4nGB";;movie
376;['1621296905580838912'];1621296905580838912;RT @colbydroscher: If you could only watch one Crispin Glover movie where he‚Äôs a shut in who wears platforms and is obsessed with burying h‚Ä¶;;movie
377;['1621296905065009152'];1621296905065009152;Nah, this Flawsome movie is badass. Really love itt üíï;;movie
378;['1621296902036668417'];1621296902036668416;@jodiekjodie @RealDeanCain What movie is this gif from?;;movie
379;['1621296901995008001'];1621296901995008000;"RT @AntMan: Prepare to witness the power of Kang.
 
On February 17, experience Marvel Studios‚Äô #AntManAndTheWaspQuantumania in 3D, only in‚Ä¶";;movie
380;['1621296894012956672'];1621296894012956672;RT @vhic_tore: Generations unborn would still watch this movie and enjoy every bit of it. https://t.co/zxSGEXsSEV;;movie
381;['1621296893945942018'];1621296893945942016;RT @crystalbestof: Crystal Reed behind the scenes of 'Teen Wolf: The Movie' https://t.co/6TvM3d35sy;;movie
382;['1621296893186961408'];1621296893186961408;"Just received the highest of compliments - apparently my track Cybele reminds people of the movie Dune.  Tagging @dunemovie in the hope they can direct me to who best to contact for soundtrack consideration üòä

https://t.co/MRYTyZOHPF

#spotify #dune #dunemovie #soundtrack";;movie
383;['1621296891580354560'];1621296891580354560;@photonsmight Good luck a 3 females musical movie lead is going to have people attack it like crazyüò≠;;movie
384;['1621296889084665856'];1621296889084665856;"RT @KDM_Monsters: Today‚Äòs filming location (for VFX /Beach &amp; Mountains): Leme
Leme is an upper-middle-class neighborhood in the south zone‚Ä¶";;movie
385;['1621296888116027392'];1621296888116027392;"RT @ARTY0SHI: the reason why Hyunsuk‚Äôs face is all puffy today; he watched Black Panther: Wakanda Forever last night! he cried a lot just f‚Ä¶";;movie
386;['1621296887797014528'];1621296887797014528;RT @everymovieplug: This movie deserves your attention. https://t.co/K37mhdlX8L;;movie
387;['1621296886941351936'];1621296886941351936;@BuckSexton The Bible!  The Old Testament is better than any action movie you'll ever see.;;movie
388;['1621296886857535488'];1621296886857535488;@TheRealJTwo Movie clearly pushing agenda;;movie
389;['1621296886664630272'];1621296886664630272;"@bigherosasha @JlNXED__ i couldnt get over how bright n cheery it was compared to the whimsical victorian goth aesthetic of the movie &lt;/3";;movie
390;['1621296886001934337'];1621296886001934336;"@Movie_Nix @ryanghensley @JedYork @JohnLynch49ers Brock will be QB1 if he is ready for the kickoff.
Dont fool yourself";;movie
391;['1621296884194201610'];1621296884194201600;RT @Seamus_Malek: Machete Kills maybe the most 2013 movie to ever come out in 2013 https://t.co/ByFru8eLX8;;movie
392;['1621296884093689857'];1621296884093689856;RT @SupergirlFilm_: DC Studios co-heads James Gunn and Peter Safran do not yet know if Calle is reprising the role for the recently-announc‚Ä¶;;movie
393;['1621296882269003776'];1621296882269003776;"RT @YoGeechi: Have you seen the movie ‚ÄúYou People‚Äù

Me: Yea back in 2005 https://t.co/U7yX9K4nGB";;movie
394;['1621296879400288256'];1621296879400288256;RT @ohmvrse: This is a love movie. It's called love movie because love was the only thing that made them stick together even after 10 years‚Ä¶;;movie
395;['1621296879060262912'];1621296879060262912;RT @strwbrrystoned: me fighting the kids to the sold out fnaf movie: https://t.co/f6iK9erZyO;;movie
396;['1621296877550592001'];1621296877550592000;"RT @Loggus_doggus: I've only ever seen one One Piece movie but Boa Hancock looked fun to draw

#ONEPIECE https://t.co/BF7wlAaTQ1";;movie
397;['1621296877202468864'];1621296877202468864;RT @BOOSIEOFFICIAL: MY MOVIE OUT RIGHT NOW GO GET   ‚ÄºÔ∏èhttps://t.co/2njW1l1ZCm https://t.co/Wscsn2qDLO;;movie
398;['1621296877022089216'];1621296877022089216;RT @itukano_jiro: üíñ‚ÜëSample Movie‚Üëüíñ https://t.co/9eMB7kxGRT;;movie
399;['1621296874756968450'];1621296874756968448;"RT @ksorbs: https://t.co/ipH7Aaxjm1

The reviews are in! Left Behind: Rise of the Antichrist is a MUST SEE!   Please, tell everyone you can‚Ä¶";;movie
400;['1621296872852709376'];1621296872852709376;RT @larrymoon: Here are some manga references i saw in the new Sailor Moon Cosmos Movie trailer. I love how the Sailor Starlights attacks a‚Ä¶;;movie
401;['1621296872357875712'];1621296872357875712;RT @bippitycabello: CAMILA CABELLO FILMING HER SECOND MOVIE OMG SHE LOOKS SO PRETTY https://t.co/BiEafdihny;;movie
402;['1621296872056033281'];1621296872056033280;"RT @yrf: #Pathaan ki party continues üéâüéâüéâ
Book your tickets now! https://t.co/SD17p6x9HI | https://t.co/VkhFng6vBj 

Celebrate #Pathaan with‚Ä¶";;movie
403;['1621296871833477122'];1621296871833477120;@TheRealMrSports Very few people walked out of seeing the Old Yeller movie with dry eyes.;;movie
404;['1621296871292678144'];1621296871292678144;RT @daisymay4263: Sydney-based university professor and close mate of Anthony Albanese tells ABC the Alice Springs crime wave crisis meetin‚Ä¶;;movie
405;['1621296868826222597'];1621296868826222592;"RT @SRKUniverse: SRKians from #Kolkata screamed.. clapped.. whistled.. &amp; poured in all their love for #ShahRukhKhan &amp; carried a piece of #P‚Ä¶";;movie
406;['1621296868054507522'];1621296868054507520;"@BuckSexton @matthewdmarsden Wrong answer! ;-)  Apples and oranges; one is horror, the other is action movie.  Both are excellent, but there is a special place in my heart for ""Aliens"" ""Bay 12"" scene.";;movie
407;['1621296868041887745'];1621296868041887744;@ReelBrew I need another movie like this! Something just... Laugh out loud funny. What is there?!;;movie
408;['1621296867718926338'];1621296867718926336;@leahdixoff I am the movie;;movie
409;['1621296866708144129'];1621296866708144128;The 3rd act is the best part of the movie. https://t.co/61qT0RZKLb;;movie
410;['1621296866473443328'];1621296866473443328;@up2anth Next thing we know, he stars in the Pong movie or some shit lol;;movie
411;['1621296865722486784'];1621296865722486784;Do I watch this new Adam Sandler movie for my love of the man or not watch it for my hate for Drew Barrymore. I can‚Äôt be forced to make these decisions. My night depends on it.;;movie
412;['1621296864648740866'];1621296864648740864;"RT @YoGeechi: Have you seen the movie ‚ÄúYou People‚Äù

Me: Yea back in 2005 https://t.co/U7yX9K4nGB";;movie
413;['1621296864610996225'];1621296864610996224;@Omarsterlin16 @DStv_Ghana Repetition of unnecessary movie aside  football;;movie
414;['1621296864284004352'];1621296864284004352;RT @my_movieworld: My Movie World: Movie Review: An Inconvenient Love https://t.co/g7wneLnTra #AnInconvenientLove #DonBelle #DonnyPangilina‚Ä¶;;movie
415;['1621296863927275520'];1621296863927275520;Still disgusted about how the makers of the movie ‚ÄúThe Founder‚Äù missed their chance to name it ‚Äúthe McFounder‚Äù #movies #McDonalds #thefounder @MichaelKeaton;;movie
416;['1621296861788180481'];1621296861788180480;This movie is one damn good western, in the ways of Unforgiven (1992) #OldHenry https://t.co/Ajmiubu72M;;movie
417;['1621296859934519296'];1621296859934519296;RT @conquercomics: It baffles me that people call the 3rd act of THE BATMAN the weakest part. It‚Äôs easily my favorite portion of the movie.‚Ä¶;;movie
418;['1621296859821101057'];1621296859821101056;RT @strwbrrystoned: me fighting the kids to the sold out fnaf movie: https://t.co/f6iK9erZyO;;movie
419;['1621296857891868672'];1621296857891868672;RT @sMDgiTOocwKgtn5: @oscarsfor @TomCruise @TheAcademy I agree . Mr. Tom Cruise evitalized a movie industry that was in decline due to lock‚Ä¶;;movie
420;['1621296857669312518'];1621296857669312512;RT @YinnieDeDom: Last minute cancellation in LA. Anyone down to make a movie? https://t.co/3BnNVe4bS0;;movie
421;['1621296856033595393'];1621296856033595392;RT @DiscussingFilm: Blumhouse‚Äôs live-action ‚ÄòFIVE NIGHTS AT FREDDY‚ÄôS‚Äô movie has begun filming. https://t.co/VZsPsM4avP;;movie
422;['1621296851705118721'];1621296851705118720;RT @challxn: If the movie is good you don‚Äôt need a forced viral moment! It‚Äôll just happen;;movie
423;['1621296849725317121'];1621296849725317120;everyone including do revenge in their replies he said GOOD movie https://t.co/C6EBFH2ZQa;;movie
424;['1621296847875706880'];1621296847875706880;RT @Danno_GSD: SOMEONE EDITED MY VOICE OVER THE MOVIE LMAO https://t.co/6x3kbdu9UH;;movie
425;['1621296847724711936'];1621296847724711936;guys I lied I watched the movie like 10 times last year https://t.co/yj37TRu0oo;;movie
426;['1621296845812113408'];1621296845812113408;RT @challxn: It‚Äôs becoming very obvious in newer movies when they add these random inserts of controversial topics‚Ä¶ where it makes no sense‚Ä¶;;movie
427;['1621296845715636227'];1621296845715636224;RT @tj_mackey432: Rewatched War Horse yesterday and I get the feeling that if anyone other than Spielberg had directed this movie people wo‚Ä¶;;movie
428;['1621296841005617152'];1621296841005617152;"RT @vasutheatre: VIJAY MOVIE IN VASU
No one will ever forget bro üëç
#ThalapathyVijay";;movie
429;['1621296840384696320'];1621296840384696320;RT @midgetmoxie: First movie or series you think of? https://t.co/HzDZu87gV5;;movie
430;['1621296839981924358'];1621296839981924352;yes like a little movie. https://t.co/yd4YI2b6eH;;movie
431;['1621296838920765446'];1621296838920765440;"‚è≤Ô∏è As is tradition we are watching Groundhog Day. Here are some fun facts about the movie:
‚úÖ 12 Facts: https://t.co/PAqWbpuX9i
‚úÖ 15 More Facts: https://t.co/aJLjlvtXsV https://t.co/V3FWZAtP9Z";;movie
432;['1621296837960269824'];1621296837960269824;RT @kookendipity: ready for whatever this movie may bring https://t.co/lbSaEXgFR7;;movie
433;['1621296837868113923'];1621296837868113920;".....i was semi-okay throughout the entirety of the movie, but gdi the mid-credits scene made me ugly-sob

so much ugly-sobbing over here 

(i cant help it: shuri cries, i cry)";;movie
434;['1621296836622573570'];1621296836622573568;"RT @WarpsiwaMovi: Maria Nagai
Full Movie https://t.co/YhgqlJtdO0
https://t.co/RtJuV7chnj";;movie
435;['1621296835473162244'];1621296835473162240;"...listen, did the movie do the best it could with chadwick boseman's passing?? yess 
was it an awesome movie??? heck yess
but it just felt like black panther 1 was a tighter script. i still love the movie, so a 9/10 for me personally";;movie
436;['1621296835150155776'];1621296835150155776;RT @922hjs: He look so boycrush 90‚Äôs movie star nation‚Äôs sweetheart https://t.co/jSsaohm3qN;;movie
437;['1621296834789400576'];1621296834789400576;The movie made the NOI and the Minister out to be a joke and weak. #YouPeople #KingCam #TamorahWisdom https://t.co/sCnzslkP8X;;movie
438;['1621296833841569798'];1621296833841569792;RT @kookendipity: ready for whatever this movie may bring https://t.co/lbSaEXgFR7;;movie
439;['1621296832373563392'];1621296832373563392;"@GeorgeForeman 
im excited for ur movie
congratulations

u gonna be a star
haha

hey George
is that all u got?";;movie
440;['1621296832293871618'];1621296832293871616;@ThatRetro I watched A Goofy Movie with my own dad back in December and god this scene was absolutely agonizing to watch (especially with all that had happened between Goofy and Max leading up to it). One of the most small-stakes yet heartbreaking 'betrayal' scenes in Disney if you ask me.;;movie
441;['1621296832176594944'];1621296832176594944;RT @ChristianBruts2: FNAF fans when they finally watching the fnaf movie after 9 years https://t.co/4uBFAvQfc5;;movie
442;['1621296831392092161'];1621296831392092160;Didn‚Äôt cry much at this movie but, damn it, did the tears come when queen ramonda spoke with her daughter for the final time;;movie
443;['1621296830461116418'];1621296830461116416;RT @MarvelStudios: Check out these photos from the red carpet at the Australian Special Fan Event for Marvel Studios‚Äô #AntManAndTheWaspQuan‚Ä¶;;movie
444;['1621296830376984579'];1621296830376984576;RT @AmazingPopPod: Who remembers this movie? https://t.co/pPmk7iHJZC;;movie
445;['1621296828548259840'];1621296828548259840;@nicoakgae The movie is pretty forgettable but it‚Äôs just super weird and uncomfortable to watch. Not that I didn‚Äôt expect that from Stephen king but;;movie
446;['1621296826145013760'];1621296826145013760;Here at @tampatheatre for After Jackie. Free movie sponsored by @RaysBaseball . https://t.co/k7IiqbeC1L;;movie
447;['1621296825696407553'];1621296825696407552;RT @lizziesjuul: just finished wakanda forever rewatch‚Ä¶this movie ruins me everytime but it‚Äôs so good https://t.co/Knqk6R54z1;;movie
448;['1621296825272500225'];1621296825272500224;"RT @vashikoo: What movie is this frame from?
#OneFrameChallenge https://t.co/aFhjTkhj3B";;movie
449;['1621296822328201216'];1621296822328201216;girl has lost her whole family now ????? hOW DARE THIS MOVIE!!!! HOW DARE THEY!!!;;movie
450;['1621296819853484033'];1621296819853484032;RT @TreyReaume: I can't wait for this scene in the new fnaf movie. https://t.co/dWbMK8plNv;;movie
451;['1621296819425710085'];1621296819425710080;"@missdparka In a ‚ÄúComedy‚Äù movie, a comedian is almost REQUIRED to be funny?

What a dumb f**king response!!!!";;movie
452;['1621296819170078720'];1621296819170078720;@DuvalMagic Hoping we see the trailer during Super Bowl? Or maybe the new ant man movie;;movie
453;['1621296818163171328'];1621296818163171328;RT @OGCORLIN: These are the exact same movie https://t.co/DLji9DjQEZ;;movie
454;['1621296816330313730'];1621296816330313728;RT @typo_cat: A woman who works at a movie theater cleaning took this picture before tackling a job that she said she's faced with almost e‚Ä¶;;movie
455;['1621296815122571264'];1621296815122571264;@GeekAloud i think it was worth the full price that remake looked in my opinion so realistic and beautiful i thought i wasn‚Äôt playing a game i thought i was playing a movie that‚Äôs how beautiful it was i‚Äôm definitely getting part 1 on pc;;movie
456;['1621296813918633984'];1621296813918633984;"Marvel: RT @AntMan: Prepare to witness the power of Kang.
 
On February 17, experience Marvel Studios‚Äô #AntManAndTheWaspQuantumania in 3D, only in theaters. Get tickets now: https://t.co/ChBbtuHpqz https://t.co/zys3mVVb2A";;movie
457;['1621296813679460352'];1621296813679460352;RT @ChristianBruts2: FNAF fans when they finally watching the fnaf movie after 9 years https://t.co/4uBFAvQfc5;;movie
458;['1621296812597313536'];1621296812597313536;@NormOfNorth  the 6th movie title: the end the film is about porm and he talks about his diabetes and how he's now cum of the north he does 2 days later the 7th movie title norm of the dead @NormOfNorth  @NormOfNorth  @NormOfNorth  passed away;;movie
459;['1621296811452551168'];1621296811452551168;RT @itukano_jiro: üíñ‚ÜëSample Movie‚Üëüíñ https://t.co/pLcnBkHxvA;;movie
460;['1621296810634485763'];1621296810634485760;"@MeegletheWeegle @no123456789124 @GoddessOfWvr Right? He's shown as dishevelled, violent, angry,  even the police point out how bad he stinks. His more fascist beliefs are dumbed down which is one issue I have with the movie, but in no way is it ""glorifying"" Rorschach.";;movie
461;['1621296810265280514'];1621296810265280512;@Hanson_Brothers I watched this movie so many times that I wore out my vhs and had to go buy it on dvd;;movie
462;['1621296810173284352'];1621296810173284352;RT @jessehawken: RONIN absolutely slaps in a movie theatre, make the effort if you‚Äôre in SF https://t.co/NkZln5webE;;movie
463;['1621296810076553219'];1621296810076553216;RT @bugsmaytrix: ME AND MIA ARE MAKING A MOVIE LETS FUCKING GO (please donate? üëÄüëÄ);;movie
464;['1621296808675647489'];1621296808675647488;RT @ray8fisher: Not bad for a movie that ‚Äúdidn‚Äôt exist‚Äù‚Ä¶ https://t.co/HhuBi7C2Li;;movie
465;['1621296808080048128'];1621296808080048128;This movie is perfect.;;movie
466;['1621296807719362562'];1621296807719362560;RT @FunnyVirals_: This The Rock and Samuel L Jackson scene gotta be funniest scene out of the movie: #theotherguys https://t.co/XaPxHznSX8;;movie
467;['1621296804003192833'];1621296804003192832;@Nick_Daulton @DaveScheidt I liked the first RDJ Sherlock movie fine enough.;;movie
468;['1621296803516661760'];1621296803516661760;@KenobiStig @LadyGravemaster @Nerdrotics @SebKom01 That kind of thing is literally the only reason I didn't get the covers of Artemis Fowl I loved so much. That stupid little thing about a movie that sucked and I can't remove.;;movie
469;['1621296803219148800'];1621296803219148800;@TaraBull808 I still can't believe this is real. I feel like I'm in a horror movie. WTF;;movie
470;['1621296801050394627'];1621296801050394624;RT @EdFedCU: Congrats to the student volunteers from Coral Reef Senior High who took home free movie tickets as part of our TikTok marketin‚Ä¶;;movie
471;['1621296800840785923'];1621296800840785920;RT @isthatscully: when I tell people this is one of the greatest animated movie, they doubt me.;;movie
472;['1621296795828604929'];1621296795828604928;üì∏ New pics from Sharper Movie https://t.co/B085zQ8U4T;;movie
473;['1621296794960334850'];1621296794960334848;@MyloveShk It‚Äôs the perfect movie but i wish he was in a bit more he was SO CUTE;;movie
474;['1621296794587041793'];1621296794587041792;RT @TheCartoonBase: Name a Video game that deserves a series/movie. https://t.co/4l2eHXCHPz;;movie
475;['1621296790858510336'];1621296790858510336;"@Ronindrone The Wicker Man alone makes me want to join.
My absolute favourite movie and I've never seen it on the big screen. https://t.co/gAwNoKaeMk";;movie
476;['1621296790183055361'];1621296790183055360;"RT @EmansReviews: Dear @JamesGunn,

Today is the 1st day of #BlackHistoryMonth  . Thanks for bringing Waller &amp; John Stewart to TV. 
Who's g‚Ä¶";;movie
477;['1621296789994307585'];1621296789994307584;Inside out is like my top two fav animated movie;;movie
478;['1621296787645513731'];1621296787645513728;"@nozomi_imada #love like the oatmeal at hotel breakfast üçèüçî

#Demon #Space #Kitty ‚ú®‚≠êÔ∏è‚ö°Ô∏èüí´
are you going to join my pirate crew? üê∞‚ò†Ô∏èüè¥‚Äç‚ò†Ô∏è

300wives ‚≠êÔ∏è we making a reality TV show or action movie?

1. no talking over girls
2. no male attention on #illuminati
(no men allowed in the building) üåáüí¶ https://t.co/FXOeFBSkO2";;movie
479;['1621296784675950592'];1621296784675950592;This like the whole movie ü§£ https://t.co/2fGiZZsPDz;;movie
480;['1621296784013398018'];1621296784013398016;RT @arishlikebarish: saw two girls in my uni arguing over whivh barbie movie is the bestüò≠üò≠üò≠ the way they were both wrong. it‚Äôs barbie and t‚Ä¶;;movie
481;['1621296783270764544'];1621296783270764544;@siciliangecko Someone tweeted something like ‚Äúgive the most vague description of your favorite movie‚Äù and I replied ‚ÄúShortest. Cameo. Ever.‚Äù;;movie
482;['1621296782989828098'];1621296782989828096;"RT @AviusL: Btw, if you're into rommantic comedies, @PrimeVideo is actually popping off this month üëç

Shotgun Wedding for example was a top‚Ä¶";;movie
483;['1621296782750662665'];1621296782750662656;Another movie clip sold via #Adultwork.com! https://t.co/wdwKT4SHa4 Hubby and his mate Fuck Me Senseless including DVP;;movie
484;['1621296780896772096'];1621296780896772096;"RT @iamfriskyboy: My new movie ""Last Call"" is now out at https://t.co/fd73aOkruC ü•µ

Flashboy  and Spiderboy are exposed to a fake emergency‚Ä¶";{'copyright': False, 'country_codes': ['ID']};movie
485;['1621296779793924096'];1621296779793924096;Name this super hero movie. https://t.co/aBRimGNmE7;;movie
486;['1621296779609182208'];1621296779609182208;@WFKARS One time at a family get together we were all picking out who would play us in a movie version of our family. It started as a funny conversation, but quickly got HEATED. Do NOT recommend.;;movie
487;['1621296777231228928'];1621296777231228928;bro watch the fnaf movie reveal the most wild shit lore-wise worse than the gregory patient 46 thing;;movie
488;['1621296776212017152'];1621296776212017152;"RT @KRONOS_527: The FNaF MOVIE IS FILMING TODAY LESS GOOOO

I actually work at Blumhouse so here's a leak of a scene I worked on üòà https://‚Ä¶";;movie
489;['1621296775603568643'];1621296775603568640;"RT @EmmaDanGee: #SidlotteForever
Nice work! Very cute image. Remarkable movie... https://t.co/ojBFD3ZBes";;movie
490;['1621296774517227522'];1621296774517227520;Its time for Animaniacs and were zany to the max. So just sit back and relax you'll laugh till you collapse, were Animaniacs. Come join the Warner brothers and the warner sister Dot, just for fun we run around the Warners movie lot they lock us in the tower whenever we get caught;;movie
491;['1621296773716217856'];1621296773716217856;I‚Äôve really been into The Great on Hulu lately. There‚Äôs just something about a series or movie depicted on historical events with a little embellishment for some razzle dazzle lol!;;movie
